,n,lat,lon,z
0,0,53.5799906986,103.4574251838,470.0
1,1,53.57864848060804,103.46546069899621,465.149
2,2,53.57865549163588,103.46541948154814,465.264
3,3,53.578637577607466,103.46538984424024,465.33
4,4,53.578586292756384,103.46537050374536,465.485
5,5,53.57858552208939,103.46533973408998,465.524
6,6,53.57862000790876,103.4653162265564,465.37
7,7,53.57869544543942,103.46531882340662,465.228
8,8,53.57872850921775,103.46519476341723,465.399
9,9,53.57874358064064,103.46513835741499,465.52
10,10,53.578765429588486,103.46503659712182,465.361
11,11,53.57875133323642,103.46502014033851,465.639
12,12,53.57876591918657,103.46496695020306,465.524
13,13,53.578788624748775,103.46495781593343,465.327
14,14,53.578811964755,103.46486073600978,465.294
15,15,53.57881192881235,103.46486078130368,465.293
16,16,53.57883731584075,103.46478761655872,465.05
17,17,53.578864362692364,103.46475290633407,464.78
18,18,53.578873961529766,103.46470534774004,464.772
19,19,53.57887092693517,103.46466710459124,464.976
20,20,53.57891469556348,103.46461898737245,464.978
21,21,53.57894069464089,103.46452528939317,465.674
22,22,53.57897433986081,103.46443128945455,466.193
23,23,53.57897973369378,103.46438229655367,466.36
24,24,53.57900594891505,103.46427655039716,466.653
25,25,53.579027022703436,103.46420519740805,466.722
26,26,53.57905349866761,103.46409342716291,466.768
27,27,53.579076307195,103.46400842561215,466.578
28,28,53.579104669283204,103.46390649924103,466.353
29,29,53.579139760518295,103.46381391851111,466.211
30,30,53.57917412527801,103.46369509751554,465.796
31,31,53.57920320420578,103.46362585824161,465.532
32,32,53.57919023230927,103.46357974905222,465.659
33,33,53.579126398136374,103.46350259844388,465.973
34,34,53.57914365334086,103.46342158275613,465.486
35,35,53.579206571688296,103.46348713812628,465.517
36,36,53.57926135041323,103.46353735396255,465.152
37,37,53.57928416627529,103.46347720366438,464.676
38,38,53.57926052877262,103.46343917188699,465.011
39,39,53.579281689093115,103.46342427019414,464.744
40,40,53.579322107332416,103.46334586645456,464.26
41,41,53.57938188783975,103.46327280739507,462.832
42,42,53.57941380009718,103.46313454021862,465.235
43,43,53.579430032606076,103.46301428491604,465.806
44,44,53.57943835717868,103.4629170389143,466.249
45,45,53.57944561176234,103.46283529852404,466.819
46,46,53.57945135763306,103.46273521410455,467.231
47,47,53.57945684291548,103.46263377086807,467.297
48,48,53.579475789685496,103.46248267041994,467.347
49,49,53.57950005589656,103.46231843474095,467.512
50,50,53.579518103127015,103.4621835948026,467.679
51,51,53.57953082919696,103.4620980346267,467.46
52,52,53.579513857563626,103.46207368160682,467.664
53,53,53.57953875593951,103.46204624860177,467.722
54,54,53.57955292985779,103.4619244382084,467.42
55,55,53.579561847722665,103.4617952449094,467.636
56,56,53.57958800617528,103.46170545730284,467.312
57,57,53.57962030299694,103.46156651071746,467.116
58,58,53.57963031560203,103.46146814746592,467.438
59,59,53.57966433702023,103.46133652339422,467.033
60,60,53.579689813303446,103.46121429025764,466.985
61,61,53.57971068009188,103.46109491063672,467.033
62,62,53.57973601202215,103.46098434822818,466.882
63,63,53.5797252662663,103.46097589336695,467.067
64,64,53.57970343235681,103.4609915952521,466.781
65,65,53.57969797172523,103.46091627149731,467.091
66,66,53.57975614952268,103.46090909996323,466.926
67,67,53.57978650450722,103.46077590570292,466.607
68,68,53.57975024202813,103.46074714407676,466.842
69,69,53.57976882384035,103.460713702081,467.245
70,70,53.57978988460878,103.46071252443961,467.081
71,71,53.579804774743934,103.46063653637428,467.065
72,72,53.57982523521753,103.46057143394277,466.684
73,73,53.57981501196695,103.46050886796965,466.731
74,74,53.57983367596274,103.4604205750616,466.987
75,75,53.57978698046381,103.46044779669519,467.463
76,76,53.57979607457722,103.46039434989382,467.551
77,77,53.579825914258656,103.46036829080364,467.244
78,78,53.57984736383042,103.46026556423962,467.234
79,79,53.57984972858444,103.46019256557162,466.923
80,80,53.57980479449631,103.46020659158249,467.42
81,81,53.57975079469162,103.46021608820342,468.195
82,82,53.57979279190489,103.46014968734677,467.733
83,83,53.57988199555719,103.46010481619034,466.554
84,84,53.57988132280163,103.46005450976597,466.751
85,85,53.57984484473675,103.46001533054292,467.608
86,86,53.57984268167357,103.45990627793088,467.628
87,87,53.57989695206008,103.45984499528485,466.874
88,88,53.579839215627146,103.45980051667554,467.375
89,89,53.579893081197234,103.45976183568537,467.048
90,90,53.579924231856424,103.4597711058368,466.56
91,91,53.579946220039886,103.45966691476997,466.881
92,92,53.57990188097408,103.45957486246819,467.043
93,93,53.57990839561301,103.45954424379211,467.006
94,94,53.57995406558006,103.45957570795431,466.606
95,95,53.57997862335833,103.45946754612227,466.593
96,96,53.57998617241656,103.45936566504427,466.844
97,97,53.58000925503525,103.45934904218315,466.805
98,98,53.580012769724604,103.45924867090181,466.991
99,99,53.58001360647949,103.45917130892141,466.947
100,100,53.580041129288794,103.45903651427642,466.641
101,101,53.580050735717975,103.45892003346478,466.922
102,102,53.58006733199179,103.45883251055291,466.979
103,103,53.58008291310074,103.45872680968935,466.878
104,104,53.580044349954015,103.45870070530525,467.212
105,105,53.580007323446345,103.45865358455175,467.392
106,106,53.580004816894714,103.4586288993765,467.425
107,107,53.58003957121841,103.45857640374693,467.351
108,108,53.58005360569176,103.45857918177278,467.307
109,109,53.58007205149365,103.45861100828618,467.081
110,110,53.580104918235435,103.45863342876646,466.877
111,111,53.58010087570632,103.45856192479705,467.123
112,112,53.580108388031846,103.45846253488348,467.247
113,113,53.580105226067275,103.45837339648918,467.394
114,114,53.58011361860293,103.45829610999857,467.337
115,115,53.58013570437255,103.45818615150844,467.303
116,116,53.58013086194937,103.45810868384224,467.34
117,117,53.58014021595656,103.45797935466105,467.41
118,118,53.58014538267092,103.4578939303665,467.53
119,119,53.58010727748169,103.4578925262556,467.606
120,120,53.58010233589457,103.4578556872173,467.64
121,121,53.580125409350636,103.4578295375393,467.555
122,122,53.58016790824077,103.45781369977242,467.324
123,123,53.58015727919446,103.45776241198016,467.522
124,124,53.58018568974631,103.45771512514902,467.416
125,125,53.58019392908455,103.45765298191883,467.645
126,126,53.580211908125406,103.45755550944699,467.941
127,127,53.580221243538766,103.45750385930353,467.944
128,128,53.58018353369694,103.45747755864585,468.093
129,129,53.58018700190077,103.45743354807345,468.123
130,130,53.5802325466369,103.45744148960384,467.917
131,131,53.58024578145314,103.4573501469064,468.074
132,132,53.5802719994495,103.45725176855656,467.988
133,133,53.58027914231139,103.45715594176308,468.047
134,134,53.580285880895154,103.45710241947177,468.011
135,135,53.58026368798311,103.45707626979376,468.421
136,136,53.58023536733637,103.45705344166838,468.815
137,137,53.580240533546664,103.45701116736213,468.849
138,138,53.5802747032932,103.4570005836876,468.615
139,139,53.58030634830345,103.45700034212014,468.256
140,140,53.58033058939786,103.4569196434891,468.401
141,141,53.58035227865811,103.4568283309876,468.475
142,142,53.580346051892356,103.45679099371641,468.612
143,143,53.58036627678156,103.45674651510704,468.578
144,144,53.58038225144537,103.45665009949286,468.829
145,145,53.58039470409546,103.4565768139634,468.858
146,146,53.580390120952835,103.45646866722925,469.009
147,147,53.58041610459268,103.45636776751901,468.925
148,148,53.58040322884037,103.4563330120001,469.082
149,149,53.58038453088116,103.45630399370846,469.169
150,150,53.58038949056768,103.45630308783046,467.842
151,151,53.58038758549295,103.45627524718022,469.16
152,152,53.580389373547874,103.4562803502929,468.017
153,153,53.58040913126081,103.45625937921741,469.119
154,154,53.58040266252391,103.45630443154948,467.031
155,155,53.580445340591645,103.45625563492172,468.844
156,156,53.580479769958366,103.45615940048314,468.856
157,157,53.580499930827386,103.45603600480284,469.022
158,158,53.58052989386077,103.45588955452767,469.105
159,159,53.5805666492212,103.45573464939127,469.106
160,160,53.580593934609915,103.45560396139317,469.1
161,161,53.58060026700511,103.45547713847449,469.132
162,162,53.580610831659726,103.45537820149998,469.055
163,163,53.580608557416475,103.45531773414412,469.103
164,164,53.58064638266053,103.45523893785693,468.892
165,165,53.58067266187151,103.4551435791005,468.969
166,166,53.580699175157015,103.4550756533492,468.838
167,167,53.5806960644646,103.45498089851144,469.061
168,168,53.58069683597377,103.45492299780992,469.13
169,169,53.58067573876317,103.4548974067567,469.336
170,170,53.580642754786815,103.4548875326866,469.531
171,171,53.5806193756694,103.45487501647237,469.665
172,172,53.58061961813269,103.45486890179595,468.935
173,173,53.58060411871314,103.45485149384056,469.773
174,174,53.58060834156859,103.4548480967981,469.338
175,175,53.580608826072314,103.45481654204812,469.755
176,176,53.58063104566766,103.45480752856213,469.623
177,177,53.5806491686388,103.45482211319776,469.502
178,178,53.58066037232928,103.45479706567134,469.454
179,179,53.580685170556926,103.45478587807817,469.401
180,180,53.580685512132874,103.45479258157529,468.644
181,181,53.58071102922467,103.45478448906525,469.256
182,182,53.58073253941168,103.45479386490244,469.055
183,183,53.58076438811553,103.45466260318172,468.998
184,184,53.5807860308208,103.45457523124962,468.867
185,185,53.58076505882951,103.45452907676605,469.036
186,186,53.58076537225437,103.45448607775747,469.073
187,187,53.58079222792875,103.45447171959134,468.871
188,188,53.580823807616255,103.45437501711595,468.779
189,189,53.58083465994598,103.45431693523886,468.757
190,190,53.58086156813391,103.45425030791276,468.645
191,191,53.5808812147758,103.45412276029187,468.698
192,192,53.580893961045824,103.45400250498882,468.633
193,193,53.58092738123456,103.45387080542719,467.928
194,194,53.580956588846504,103.45378850641191,467.099
195,195,53.58097672270146,103.45374186879346,466.598
196,196,53.58100106127371,103.45368808983686,465.765
197,197,53.58100941643738,103.4536611852606,464.175
198,198,53.581020790144144,103.453621824862,462.641
199,199,53.58089312253159,103.4536091727661,465.497
200,200,53.580921478487866,103.45359170441888,465.305
201,201,53.5810049932858,103.45358084898099,464.736
202,202,53.5810132846463,103.4535267076732,463.115
203,203,53.58094923796624,103.4534679463877,462.841
204,204,53.58096641302328,103.45334367502568,465.86
205,205,53.581069021264064,103.45334568305522,465.075
206,206,53.58107872789232,103.45317035037064,467.702
207,207,53.581080449280876,103.45306692930036,468.236
208,208,53.5810925387961,103.45295224514713,468.446
209,209,53.58110697298511,103.45283002710866,468.011
210,210,53.58110490405587,103.452768216034,467.893
211,211,53.58111455991418,103.452692605418,467.57
212,212,53.581118069883466,103.45261368834736,467.261
213,213,53.58112958727017,103.45258088046627,467.009
214,214,53.581113188616534,103.4525534625592,466.97
215,215,53.58111395985962,103.45251766528075,466.93
216,216,53.581125693429755,103.45249870223489,466.896
217,217,53.58114828993241,103.45248280407623,466.7
218,218,53.58116746212242,103.45244179799936,466.695
219,219,53.581165780061305,103.45239698723496,466.953
220,220,53.58116707858176,103.45229574027199,467.535
221,221,53.58117492723178,103.45219870564169,467.747
222,222,53.581193243847615,103.45211457977271,467.691
223,223,53.581202969346684,103.45199856699865,467.724
224,224,53.58120189669231,103.45192313755837,467.853
225,225,53.58118889479158,103.45190852272687,468.051
226,226,53.58118828243826,103.45187874953707,468.054
227,227,53.58118918057011,103.45187091369249,466.569
228,228,53.58115961105081,103.45187011350028,468.149
229,229,53.581160742968436,103.4518660974412,467.411
230,230,53.58113146009464,103.45184654557468,468.285
231,231,53.58113215170718,103.45184163873559,467.744
232,232,53.5811276216671,103.45180695870671,468.302
233,233,53.581131125884085,103.45180877046269,467.615
234,234,53.581141178328615,103.45177227867784,468.284
235,235,53.5811433978845,103.45177804610101,467.612
236,236,53.581174387111936,103.45178064295123,468.118
237,237,53.58117190789366,103.45179398955355,467.175
238,238,53.58117279852512,103.45181785943848,466.154
239,239,53.58119001204939,103.45178283215637,468.137
240,240,53.581217334477955,103.45176557518074,468.021
241,241,53.581222426733554,103.45171898285636,468.07
242,242,53.58123515342087,103.45161525982707,468.105
243,243,53.581235562262805,103.45152400771804,468.067
244,244,53.58124095735821,103.45142624838552,468.067
245,245,53.58123426067143,103.45136875532943,468.127
246,246,53.58124660098337,103.45127049776404,468.138
247,247,53.5812532182243,103.45118037800258,468.157
248,248,53.581243556306006,103.45112139024785,468.249
249,249,53.58122614283319,103.45110938736457,468.269
250,250,53.58122798465938,103.45110769639233,467.783
251,251,53.58125133385042,103.4510567105598,466.039
252,252,53.58122353569418,103.45108098808977,468.308
253,253,53.581233165742916,103.45104673080401,468.298
254,254,53.58123490904757,103.45105092803867,467.412
255,255,53.581261251308845,103.45102055093028,468.216
256,256,53.581259370817705,103.45097149763745,468.26
257,257,53.5812785411041,103.45090502129143,468.225
258,258,53.58127187889284,103.45082548520449,468.35
259,259,53.58128361613394,103.45071593436039,468.275
260,260,53.581292973760625,103.45063272946764,467.872
261,261,53.581303606175545,103.4505318448563,467.38
262,262,53.58130971916033,103.45043243984568,467.084
263,263,53.58128273606566,103.45041057799038,467.249
264,264,53.58124048817418,103.45039966216069,467.366
265,265,53.581213507329416,103.45041620953184,467.502
266,266,53.581179680780615,103.4504470244812,467.639
267,267,53.58118290535091,103.45042942025242,466.676
268,268,53.58119497907615,103.45039440806839,465.498
269,269,53.58120658448255,103.45034094616948,464.219
270,270,53.581175481952265,103.45039824295185,467.544
271,271,53.58118102307126,103.45035415689006,467.414
272,272,53.58116796677037,103.45033449933784,467.404
273,273,53.581150312425905,103.45035290375884,467.581
274,274,53.5811341841753,103.4503485253486,467.659
275,275,53.58111597107915,103.45033847010299,467.915
276,276,53.5811041923706,103.45034802711571,467.765
277,277,53.5810709377135,103.45032534997021,467.833
278,278,53.58106603043172,103.45030016656231,467.803
279,279,53.58108574156307,103.45026904965364,467.844
280,280,53.58111767329298,103.45025576344324,467.698
281,281,53.58114243503825,103.45024264331046,467.806
282,282,53.58117994685944,103.45023664941782,467.468
283,283,53.581203920552966,103.45026729828955,467.352
284,284,53.58125090282951,103.45026654339122,467.284
285,285,53.58132222604208,103.4502774592209,466.813
286,286,53.58133663178745,103.45017574422151,467.11
287,287,53.581353570523625,103.45006297751077,467.551
288,288,53.58135421814953,103.44992969266379,468.232
289,289,53.581353868864774,103.44980531561701,468.606
290,290,53.58136302414564,103.44965955984995,468.824
291,291,53.5813775873445,103.44950101610546,468.74
292,292,53.58137645037333,103.44942786645859,468.623
293,293,53.58136001415502,103.44938699626374,468.632
294,294,53.58137546504452,103.44933906022067,468.572
295,295,53.58135660489143,103.44932817458694,468.584
296,296,53.581358060112514,103.4493231318662,467.252
297,297,53.58137979561849,103.44933649356639,467.556
298,298,53.5813970167904,103.44929248299455,466.101
299,299,53.58135848881397,103.44928517557886,468.617
300,300,53.581359863733645,103.44928843673958,467.576
301,301,53.58139395760819,103.44922949427907,468.585
302,302,53.58139431761824,103.44923843227514,467.348
303,303,53.58139838977453,103.44913658139436,468.632
304,304,53.58139833476365,103.44899224483643,468.869
305,305,53.58140316404723,103.44880136124848,468.921
306,306,53.58139908496752,103.44867881105607,469.047
307,307,53.5814007668084,103.4485791040867,469.119
308,308,53.58139629092269,103.44844002162131,469.326
309,309,53.58140268972577,103.44834111484424,469.219
310,310,53.58140244706676,103.44822268639683,469.007
311,311,53.58141077746567,103.44812391550153,468.79
312,312,53.58141079285765,103.44797634797933,468.224
313,313,53.58140698930992,103.44782687811347,467.9
314,314,53.58138004701803,103.4478716435834,468.054
315,315,53.5813571990928,103.44788180451468,468.121
316,316,53.58133056736841,103.44787775825972,468.176
317,317,53.581306935462656,103.44785924815311,468.352
318,318,53.58130942410519,103.44785687777241,467.652
319,319,53.58129705934823,103.44783862433121,468.393
320,320,53.58129963781327,103.44783592179526,467.735
321,321,53.58130199669674,103.44778416596698,468.608
322,322,53.581307036861304,103.44777927422591,468.111
323,323,53.581278824324336,103.4477819616639,468.84
324,324,53.581271381753126,103.4477444432178,468.717
325,325,53.58132970103043,103.44771907863452,468.244
326,326,53.58132632043973,103.4476914040624,468.325
327,327,53.58134949189083,103.44768226979284,468.177
328,328,53.5813582758808,103.44764189783112,467.932
329,329,53.58133925416784,103.44763496786462,468.422
330,330,53.58132260492332,103.44763342787206,468.471
331,331,53.581310144841524,103.44765849049601,468.535
332,332,53.58129515029414,103.44767491708328,468.539
333,333,53.58127562456807,103.44765747893227,468.533
334,334,53.58127580988627,103.44761633697429,468.505
335,335,53.581297594050646,103.44756344879858,468.394
336,336,53.58132948623653,103.44751022846764,468.268
337,337,53.581356000296786,103.44750375144012,468.183
338,338,53.5813843493753,103.44752247291824,467.917
339,339,53.58141882818944,103.44756544173012,467.683
340,340,53.5814139775717,103.44747210610291,467.775
341,341,53.58141641176044,103.44735595744878,467.539
342,342,53.58142055474943,103.44726064398807,467.474
343,343,53.581418558337205,103.44713502890923,466.88
344,344,53.58142625763207,103.4470217639668,466.46
345,345,53.58142174846075,103.4469334710605,466.114
346,346,53.581381649982504,103.44694908235755,466.811
347,347,53.581346378316745,103.44698638943201,466.921
348,348,53.58127310565195,103.44698214690351,467.305
349,349,53.581296832032564,103.4469491880433,467.39
350,350,53.58131532103779,103.44692604286114,467.424
351,351,53.58132207239331,103.44686548491876,466.971
352,352,53.58130427979076,103.44683838406945,466.755
353,353,53.58127442315131,103.44684246052032,466.753
354,354,53.58131550649504,103.44678779078477,466.634
355,355,53.58134359284815,103.44678092121016,466.718
356,356,53.58136810984894,103.44674796234999,466.642
357,357,53.58140275331655,103.44671984993697,466.597
358,358,53.58139868292305,103.4466175763141,466.482
359,359,53.5813973065794,103.44650052178241,466.901
360,360,53.58139424028239,103.44637623532499,466.891
361,361,53.58140410232378,103.44624252773676,466.566
362,362,53.58139826907639,103.44612547320526,466.734
363,363,53.58140543354948,103.446067179958,466.441
364,364,53.58136746498729,103.44608668653025,467.029
365,365,53.58134901315479,103.44612115518694,467.062
366,366,53.58133862844809,103.44604640515661,467.108
367,367,53.581302897278405,103.44606734603563,467.45
368,368,53.58126802627867,103.44606317899698,467.665
369,369,53.5812291173421,103.44602021018537,467.814
370,370,53.58123785559242,103.4459771809819,467.605
371,371,53.58122813718895,103.44591808754248,467.431
372,372,53.58127772348891,103.44590086076313,467.584
373,373,53.58131330388244,103.44590063429364,467.654
374,374,53.58130146090505,103.44598583211649,466.75
375,375,53.58134515736845,103.44591961243705,465.973
376,376,53.5813918052433,103.44589880743973,464.668
377,377,53.58134195134691,103.44584314123865,467.681
378,378,53.58135155779342,103.44576639827689,467.514
379,379,53.58136419591805,103.44572844199007,467.436
380,380,53.58138511110778,103.44571023384295,467.391
381,381,53.581377606454794,103.44559638008054,467.132
382,382,53.58136417693375,103.44553583723648,467.441
383,383,53.58135788865732,103.44545765996804,467.344
384,384,53.5813378789685,103.44545568213448,467.297
385,385,53.581316384719635,103.44543330694874,467.742
386,386,53.58130754104582,103.44540859157824,467.763
387,387,53.581316530420395,103.44536323728812,467.518
388,388,53.5813366429284,103.44531569379292,467.685
389,389,53.5813522816576,103.44527550300722,467.129
390,390,53.58135356701174,103.44528048533603,466.678
391,391,53.581340803357485,103.44531960416614,466.883
392,392,53.58132675582836,103.44536850647829,466.887
393,393,53.581323920744644,103.44540987490537,466.905
394,394,53.581342164005555,103.44544783119211,466.81
395,395,53.581360120061184,103.44539932142708,466.617
396,396,53.581355937510466,103.44535416341051,466.659
397,397,53.58135530509348,103.44531981553767,466.6
398,398,53.58133557152438,103.44520573530598,467.618
399,399,53.58133299122997,103.4451024048262,467.299
400,400,53.58131145211643,103.44508125257575,467.087
401,401,53.5813068559486,103.44503426770535,467.03
402,402,53.581334858782334,103.44500277334815,466.951
403,403,53.58133066994751,103.44489888424373,466.961
404,404,53.5813341272369,103.44479517631494,466.477
405,405,53.581325188455565,103.44472208706134,466.396
406,406,53.58130443792762,103.44468192647169,465.661
407,407,53.58130762745903,103.44468073373237,464.773
408,408,53.58131138826188,103.44464424194847,465.862
409,409,53.58130131229824,103.44460842957304,465.934
410,410,53.58129676601825,103.44452581350295,465.658
411,411,53.581301256851035,103.444427601234,465.847
412,412,53.58128722925402,103.4443260976085,466.192
413,413,53.581316580994034,103.44422521299965,465.911
414,414,53.581320093211566,103.44413592362876,466.065
415,415,53.581259599045836,103.44423088983487,466.63
416,416,53.58118569765417,103.44431125630791,466.836
417,417,53.58117737887841,103.44457154524204,469.377
418,418,53.581208723771766,103.4449620541337,473.144
419,419,53.581107023648244,103.4453175810387,467.687
420,420,53.58101886504972,103.44569611724464,468.26
421,421,53.58080131064678,103.4461455233043,469.143
422,422,53.580644145969494,103.44683525879046,468.929
423,423,53.580571827986624,103.44727195236477,471.059
424,424,53.58050493698009,103.44784060216479,471.736
425,425,53.58047789478652,103.44857300450832,471.304
426,426,53.5803924419678,103.44924761183866,472.088
427,427,53.58027943843251,103.4499375436063,473.361
428,428,53.58021754870201,103.45035833902674,472.737
429,429,53.58016421072592,103.45077117781939,473.1
430,430,53.58027556215661,103.4512921331499,473.56
431,431,53.58023454675378,103.4518623682435,473.879
432,432,53.58003427160657,103.45246394671614,474.796
433,433,53.57987157523451,103.45276706858854,473.279
434,434,53.57962904699202,103.45307663729281,471.612
435,435,53.57961786857155,103.45356753257455,476.858
436,436,53.57962057072964,103.45408826143844,476.932
437,437,53.57976092461085,103.4544231645311,475.216
438,438,53.57980852279108,103.45503840666585,475.486
439,439,53.57981714865113,103.45556124924592,474.935
440,440,53.57973276923976,103.45611016601435,474.83
441,441,53.57966444437348,103.45682523590446,473.621
442,442,53.57966771623885,103.4572278533776,472.95
443,443,53.57966768029803,103.45722724945894,472.95
444,444,53.57966771623853,103.45722765710404,472.945
445,445,53.57984724464002,103.45722874415763,471.613
446,446,53.579542996189886,103.45752117667112,473.032
447,447,53.57934977281202,103.45810548307334,473.229
448,448,53.57920536177024,103.45869668924615,473.783
449,449,53.578955435749656,103.45939442667047,474.172
450,450,53.57866126875364,103.46026388836535,474.364
451,451,53.57841441342295,103.46102826821267,474.479
452,452,53.578303778046674,103.46192979798649,473.62
453,453,53.57817581037974,103.46268576826448,472.767
454,454,53.57806626970824,103.46336920791063,471.972
455,455,53.5780684455108,103.4640271772864,470.536
456,456,53.57804943173948,103.46437278483485,470.103
457,457,53.57846639333209,103.46473074251945,467.81
458,458,53.578560471684256,103.4653449277904,465.55
459,459,53.57875432146573,103.46548952101392,461.446
460,460,53.57878346937133,103.46534445975344,461.446
461,461,53.5788300524938,103.46512864942262,461.495
462,462,53.578878116127015,103.46493864151616,461.462
463,463,53.57893107576682,103.46475668082566,461.489
464,464,53.57897150841182,103.46460290803826,461.364
465,465,53.57903069515824,103.46440308645336,461.532
466,466,53.57906527669102,103.4642746933473,461.349
467,467,53.57910245625679,103.4641192144895,461.273
468,468,53.57915776020901,103.46392830070451,461.141
469,469,53.57921905630074,103.46374726098945,461.053
470,470,53.57925088530232,103.46366562628512,461.46
471,471,53.579267508787304,103.46364035228936,461.612
472,472,53.57929666017855,103.46355911013214,461.661
473,473,53.57934668755917,103.46339845267158,461.793
474,474,53.57942704586943,103.46328017520268,461.852
475,475,53.579473233817204,103.46317140945261,461.485
476,476,53.57950483270208,103.46300708318607,461.702
477,477,53.57955180646241,103.46280193201822,461.85699999999997
478,478,53.57958585934469,103.4626004647541,462.034
479,479,53.57961355123114,103.46238231423699,462.155
480,480,53.57965116198771,103.46216727390086,462.054
481,481,53.579687380011904,103.4619437032136,461.892
482,482,53.579714503615314,103.4617541935386,461.911
483,483,53.57975957296309,103.46147444331794,462.111
484,484,53.57979861921944,103.46127374604963,462.216
485,485,53.579840936012,103.46106157432672,462.283
486,486,53.57988565242599,103.46081375630489,462.089
487,487,53.57992095194033,103.46057175100007,462.018
488,488,53.57996386076364,103.4603485728594,461.827
489,489,53.580008763309614,103.46014837382369,461.291
490,490,53.58003511225265,103.45991643886234,461.121
491,491,53.58001531337029,103.45971842903167,461.861
492,492,53.57999917831124,103.45961592893708,462.635
493,493,53.57996260952551,103.45961688010897,464.133
494,494,53.579935628058266,103.45959747922201,465.149
495,495,53.57991188143189,103.45956356918924,466.29
496,496,53.58001754433218,103.45957333757357,462.356
497,497,53.5800428668152,103.45940650504367,462.086
498,498,53.58006894482491,103.45917090127632,462.517
499,499,53.580106423940535,103.45896185483201,461.878
500,500,53.58012806250555,103.4587263416524,461.777
501,501,53.58012321090244,103.45870102236255,461.899
502,502,53.58009373150406,103.4586783603148,463.49
503,503,53.58006173642648,103.45864469184949,464.027
504,504,53.58003351479934,103.45863312680713,464.587
505,505,53.58013822502598,103.4586760654239,461.49
506,506,53.5801616139606,103.45856637869717,461.432
507,507,53.58017423939954,103.45838692426717,461.74
508,508,53.58019576904292,103.4581464891504,461.719
509,509,53.580218816625305,103.45791472026639,462.129
510,510,53.58020358731799,103.45786545560163,462.45
511,511,53.58016839328349,103.4578560042746,463.561
512,512,53.580135957606096,103.4578530752691,464.748
513,513,53.58023012893662,103.45784839489947,461.837
514,514,53.58024488260163,103.45772655430967,461.773
515,515,53.58028033756104,103.45753702953597,461.672
516,516,53.58031271937877,103.45737172190056,461.901
517,517,53.58033892832053,103.45721566931861,461.568
518,518,53.580362154116536,103.45708081428168,461.717
519,519,53.580374112981985,103.45704471504374,461.879
520,520,53.58041305314411,103.45688120406635,461.32
521,521,53.58044535314061,103.45670754725546,461.159
522,522,53.58047090486795,103.45649243142854,461.39
523,523,53.58048054484171,103.45638537174797,461.49
524,524,53.580525171726634,103.4562367020717,461.437
525,525,53.58055766851579,103.4560682993532,461.452
526,526,53.58059622990215,103.45589912663844,461.278
527,527,53.58063243642468,103.45569044254533,461.433
528,528,53.58066402470301,103.45550570382713,461.435
529,529,53.58069211783994,103.45533758797008,461.52
530,530,53.58073443403363,103.45517534522202,461.277
531,531,53.58076548336869,103.45503774235532,461.293
532,532,53.58077821212786,103.45489559500072,461.8
533,533,53.580732962776864,103.45484308427324,463.563
534,534,53.58069558542906,103.45484595288687,464.969
535,535,53.580667309864396,103.45484996894595,466.437
536,536,53.58063894434631,103.45484916875373,466.911
537,537,53.58079190372029,103.45482664258772,461.738
538,538,53.58083798347606,103.45464539149992,461.789
539,539,53.58084949999782,103.4545527050836,461.901
540,540,53.58089789805317,103.45439493133375,461.779
541,541,53.58092817329189,103.45423880326229,461.678
542,542,53.580969542332106,103.45399740187614,461.839
543,543,53.58099902637578,103.45384127380476,461.779
544,544,53.58101655243701,103.45372357005809,461.762
545,545,53.581029813187605,103.45369006767046,461.667
546,546,53.58104216395224,103.45357813134702,461.779
547,547,53.58107478533842,103.45348651688646,461.74
548,548,53.58107809775063,103.4533953553649,461.871
549,549,53.58112364465025,103.45319784376757,461.183
550,550,53.58115653045168,103.45297412210053,461.106
551,551,53.58116517419501,103.45274439144293,461.567
552,552,53.581185131004645,103.45255014100658,461.699
553,553,53.581193790585516,103.45250338260449,461.687
554,554,53.58120117459232,103.45246403730394,461.566
555,555,53.58122557832358,103.45226572551472,461.654
556,556,53.58124026126401,103.45209557143298,461.83
557,557,53.58125361414627,103.45192448127737,462.101
558,558,53.5812445537308,103.45184710419944,461.984
559,559,53.581212611931036,103.45184088383728,463.159
560,560,53.58119120060213,103.45183692817007,463.854
561,561,53.58125358290486,103.45183202133097,462.101
562,562,53.58127506840679,103.45169452415077,461.71
563,563,53.581289716136645,103.45155571344752,461.491
564,564,53.58130437804484,103.4513450364242,461.279
565,565,53.58131253646469,103.45117230059056,461.466
566,566,53.58130566908356,103.45111749497252,461.943
567,567,53.58127914362704,103.45108204494741,463.73
568,568,53.58126314028007,103.4510604850514,465.097
569,569,53.581245700870745,103.45106773207527,466.527
570,570,53.58123483023831,103.45108962412654,467.199
571,571,53.581319314555344,103.45106700737288,461.608
572,572,53.58134242822652,103.45081606407345,461.239
573,573,53.581351627480274,103.45063174809984,461.392
574,574,53.58136346018002,103.45046698399275,461.759
575,575,53.581351531221365,103.45036582761806,462.159
576,576,53.5813111518244,103.45034861593639,461.986
577,577,53.581280917492926,103.45034923495302,462.258
578,578,53.58122665644829,103.45033385012529,462.793
579,579,53.58119146942947,103.45030117812607,463.847
580,580,53.58115604136728,103.45029462560866,464.563
581,581,53.58112425288837,103.45029944185994,464.779
582,582,53.58109802683428,103.45031668373753,465.174
583,583,53.58107815172997,103.45031017651402,465.693
584,584,53.581090953630124,103.45028233586405,465.981
585,585,53.58111327147013,103.4502692006333,465.186
586,586,53.58112144881061,103.45028648780479,464.686
587,587,53.58116359695312,103.45028188292505,464.563
588,588,53.581184388218574,103.45028327193795,464.36
589,589,53.581195072168335,103.45029735834058,463.732
590,590,53.58122017624083,103.45029924558636,463.376
591,591,53.58124250392842,103.45030055910945,463.875
592,592,53.581274031976236,103.4502979773572,463.969
593,593,53.58130311689494,103.45030847044382,463.042
594,594,53.58132343219671,103.45031389061374,462.58
595,595,53.58133501491549,103.45033265738594,461.922
596,596,53.58136064831813,103.45032137920506,461.807
597,597,53.581395250140936,103.45018430476844,461.417
598,598,53.58140709220077,103.45003557470183,461.55
599,599,53.581430846143725,103.44985548615918,461.574
600,600,53.58144039311693,103.44965246380576,461.73
601,601,53.58144145577165,103.44955221330929,461.916
602,602,53.58145623720652,103.44943458505361,461.744
603,603,53.581459411992476,103.44934691116315,461.822
604,604,53.581461249734964,103.44928534165649,461.831
605,605,53.5814749620417,103.44904344204018,461.506
606,606,53.58147475289368,103.44888115400038,461.538
607,607,53.58148374601419,103.44874497034436,461.167
608,608,53.58148347240291,103.44856695022385,461.313
609,609,53.58147921811272,103.44838787324579,461.26
610,610,53.58148858290813,103.44818500187303,461.202
611,611,53.58148733050487,103.44802479735304,461.259
612,612,53.5814597319751,103.44783922824986,462.641
613,613,53.58144048619918,103.44772765427933,463.148
614,614,53.58142607197145,103.44769854540043,463.33
615,615,53.58140104349826,103.447743008911,464.414
616,616,53.58138047157931,103.44778789516464,464.726
617,617,53.581359718552314,103.44781543385507,465.398
618,618,53.581338209818504,103.4478309394664,466.13
619,619,53.58137317259107,103.44774817241546,465.355
620,620,53.58134336148142,103.44776011490676,466.491
621,621,53.58131731364671,103.44775448336534,467.375
622,622,53.58133379461081,103.44778620419241,467.012
623,623,53.58135656190449,103.44777903265846,466.434
624,624,53.58137617090378,103.44771531924093,465.608
625,625,53.58137456949884,103.44768968289425,465.946
626,626,53.58139810835945,103.44766860613339,465.031
627,627,53.581377791426405,103.4476446758569,465.701
628,628,53.58142207300054,103.44769034720477,463.486
629,629,53.581443850174765,103.44766147989333,462.452
630,630,53.58140253536285,103.447637036286,463.106
631,631,53.58138226178914,103.44759411276799,463.546
632,632,53.581351253036445,103.44757370031765,464.109
633,633,53.58131459624484,103.44759580374021,464.884
634,634,53.58129749222703,103.44763646256328,465.551
635,635,53.58128634223951,103.44764061450398,466.038
636,636,53.5813042712909,103.44758069067602,465.512
637,637,53.581323353349205,103.44755662451784,465.095
638,638,53.58135204154264,103.44754738456251,464.816
639,639,53.581376751702045,103.4475660305508,464.339
640,640,53.58139658323,103.44758712240963,463.885
641,641,53.58142279630507,103.44763548119546,463.221
642,642,53.58144915913913,103.44764748407863,462.292
643,643,53.581472687291466,103.44749661010209,461.921
644,644,53.581483760092695,103.44732183604513,461.305
645,645,53.58146976330465,103.44713176774853,461.669
646,646,53.5814707219675,103.44699652016732,461.826
647,647,53.58146184212842,103.44686325041975,462.217
648,648,53.58144029732734,103.44677448947657,462.455
649,649,53.58139687328646,103.44677716181658,463.47
650,650,53.581357243890366,103.44681354791508,464.549
651,651,53.58136035457974,103.44683494173316,464.853
652,652,53.581359294893666,103.44684102621353,465.92
653,653,53.58134339108816,103.44683607408062,465.994
654,654,53.58134215083317,103.44683232978501,465.097
655,655,53.58132928311599,103.44681806220697,465.671
656,656,53.581348634266206,103.44679058390851,464.919
657,657,53.58136650309991,103.44676543069686,464.536
658,658,53.5813874995653,103.44675006096729,464.267
659,659,53.581407086563935,103.4467478264683,463.738
660,660,53.58142687162619,103.44675001567339,462.655
661,661,53.58145733665979,103.44671708700915,461.901
662,662,53.581463575010666,103.44654883527414,461.461
663,663,53.58144835648667,103.44637440847109,461.934
664,664,53.58144897338309,103.44624470184388,461.931
665,665,53.58145088130995,103.44608686770584,462.26
666,666,53.58143016518056,103.44593178139776,463.181
667,667,53.58140107971605,103.44591959733908,464.579
668,668,53.58140047427498,103.44588378496344,464.53
669,669,53.581450885959846,103.44585389099053,462.028
670,670,53.58154340875412,103.44590292918448,460.662
671,671,53.58155097569614,103.44573430000092,460.506
672,672,53.58145288185376,103.44568212143005,461.675
673,673,53.581439228264415,103.4455360033141,461.578
674,674,53.581412921350555,103.44536672491829,461.786
675,675,53.581395653407164,103.44520084356498,462.021
676,676,53.58138296174959,103.4450656563768,462.452
677,677,53.58137631450372,103.44499456005461,462.374
678,678,53.581377031632904,103.44489245251019,462.064
679,679,53.58137428533056,103.44475122613579,461.76
680,680,53.581360545394546,103.44464848447693,461.862
681,681,53.58135664670297,103.44457186229933,461.416
682,682,53.58130628701084,103.44458090598097,461.94
683,683,53.58130807023991,103.44453648776492,462.239
684,684,53.581336775163884,103.44451791726672,462.074
685,685,53.581343590861,103.44439918686196,462.312
686,686,53.58134239752196,103.44433207640303,462.207
687,687,53.581354304271926,103.44418411633622,461.795
688,688,53.58193773159169,103.44408874248504,458.985
689,689,53.583378109904146,103.44377684870389,455.858
690,690,53.5834084506162,103.44432642976375,455.898
691,691,53.583436437153786,103.44507181634695,455.913
692,692,53.58344425558318,103.44599098052294,455.9
693,693,53.583455224119085,103.4467462109859,455.94
694,694,53.583439024663456,103.44769933049467,455.924
695,695,53.58336026827301,103.44882971522918,455.914
696,696,53.58324973753908,103.44993029658245,455.927
697,697,53.58308985774833,103.45115211460947,455.952
698,698,53.58302342107502,103.45164873201861,455.989
699,699,53.58288685436193,103.45255888272915,455.975
700,700,53.58270634934747,103.45335137498859,455.958
701,701,53.582569489862436,103.45421351416842,455.991
702,702,53.58247018775346,103.45495204629746,456.021
703,703,53.582338753978334,103.45591805948844,455.967
704,704,53.582256083374425,103.45705612910642,455.981
705,705,53.58222318104382,103.4574623851895,455.986
706,706,53.58215833396323,103.45822714248753,456.0
707,707,53.582030683558116,103.4591795675091,455.951
708,708,53.58194012579477,103.4604504086434,455.974
709,709,53.581797065605635,103.46142854549987,456.074
710,710,53.58178123781432,103.46229784111472,456.01
711,711,53.581594054004924,103.46330412057742,456.113
712,712,53.58158752170149,103.46399938193028,455.998
713,713,53.58107213712048,103.46517779330307,455.989
714,714,53.580798343069134,103.46577913020384,455.935
715,715,53.58049541594042,103.46627070488854,456.074
716,716,53.580209723641076,103.46671447941122,456.223
717,717,53.57985102669932,103.46727074887959,456.188
718,718,53.579544399191924,103.46777834250372,456.053
719,524,53.57859730739194,103.46804589356259,459.476
720,525,53.578727445207164,103.46784501512245,459.456
721,2,53.57790015065697,103.46692846288695,465.481
722,3,53.57803792274632,103.46674145947694,465.047
723,4,53.577996110336386,103.46669528989611,465.297
724,5,53.57796482543036,103.46668600464685,465.392
725,6,53.577967163172374,103.46666462592663,465.389
726,7,53.57794358753169,103.46665309108039,465.433
727,8,53.577951693909675,103.46662783218284,465.444
728,9,53.57791405218859,103.46655925722004,465.62
729,10,53.57793242038586,103.46652063662232,465.622
730,11,53.57798251072168,103.46653125049261,465.444
731,12,53.57799895736323,103.4664763240913,465.478
732,13,53.57802681168368,103.46646376258337,465.468
733,14,53.57804700766164,103.46649294695217,465.425
734,497,53.577945015175715,103.46555136228399,468.293
735,498,53.57763992486581,103.46626994999022,467.885
736,499,53.57790908361489,103.46701713324273,462.81
737,500,53.57797363105487,103.46691072277662,462.928
738,504,53.578008316651555,103.4666338864673,463.46
739,505,53.57802495004628,103.46660477758834,463.492
740,506,53.578016688929615,103.46653878437778,463.844
